-- phpMyAdmin SQL Dump
-- version 4.9.5
-- https://www.phpmyadmin.net/
--
-- Host: localhost:3306
-- Generation Time: Aug 31, 2021 at 06:27 PM
-- Server version: 5.7.24
-- PHP Version: 7.4.1

SET SQL_MODE = "NO_AUTO_VALUE_ON_ZERO";
SET AUTOCOMMIT = 0;
START TRANSACTION;
SET time_zone = "+00:00";


/*!40101 SET @OLD_CHARACTER_SET_CLIENT=@@CHARACTER_SET_CLIENT */;
/*!40101 SET @OLD_CHARACTER_SET_RESULTS=@@CHARACTER_SET_RESULTS */;
/*!40101 SET @OLD_COLLATION_CONNECTION=@@COLLATION_CONNECTION */;
/*!40101 SET NAMES utf8mb4 */;

--
-- Database: `mini-project`
--

-- --------------------------------------------------------

--
-- Table structure for table `account`
--

CREATE TABLE `account` (
  `username` varchar(255) DEFAULT NULL,
  `password` varchar(255) DEFAULT NULL,
  `choice` int(11) DEFAULT NULL,
  `name` varchar(255) DEFAULT NULL,
  `sno` int(11) NOT NULL
) ENGINE=InnoDB DEFAULT CHARSET=utf8;

--
-- Dumping data for table `account`
--

INSERT INTO `account` (`username`, `password`, `choice`, `name`, `sno`) VALUES
('Amanda1649@gmail.com', 'iaqK7mJvqmWv9kc', 1, 'Amanda', 1),
('Jay318@hotmail.com', 'SizjUBW6IA30cys', 1, 'Jay', 2),
('Anna271@gmail.com', 'sf6MFyQLNQfH5aD', 1, 'Anna', 3),
('Abdullah67@hotmail.com', 'jm97qwbpdr1aAeu', 1, 'Abdullah', 4),
('Tamara1777@gmail.com', 'ZPOyNK3TdbTVi1C', 1, 'Tamara', 5),
('Abdul1209@yahoo.com', 'CuCl72ahLGJaIET', 1, 'Abdul', 6),
('Maya1347@gmail.com', 'E5DgwNwFuUXTkjO', 1, 'Maya', 7),
('Jai648@gmail.com', 'rzGy716fFZCcXAP', 1, 'Jai', 8),
('Tara230@hotmail.com', 'D4aP6bNHyXA76oM', 1, 'Tara', 9),
('Rohan1827@gmail.com', 'sXRKrqnWOcZrF2M', 1, 'Rohan', 10),
('Avantika1162@gmail.com', 'cFNBzJV6ns75hEO', 1, 'Avantika', 11),
('Ajay214@yahoo.com', 'zLmSHXnV5R76aoh', 1, 'Ajay', 12),
('Aisha79@gmail.com', 'OBKfM8FbSxmpRT2', 1, 'Aisha', 13),
('Ram1428@yahoo.com', 'QhuvuOioeBmQqCP', 1, 'Ram', 14),
('Alisha1430@gmail.com', 'IViNKnMO9Dn3MWE', 1, 'Alisha', 15),
('Sanjay426@yahoo.com', 'iygPzlnUrzGVzPp', 1, 'Sanjay', 16),
('Anya81@gmail.com', 'kKBooy1DsEBc0NT', 1, 'Anya', 17),
('Ravi1726@gmail.com', 'asADBwLqfGu6qwU', 1, 'Ravi', 18),
('Lila1812@gmail.com', 'i9vKk8ntM5tVg4s', 1, 'Lila', 19),
('Arman1678@yahoo.com', '99zVKE3aXpSznQM', 1, 'Arman', 20),
('Amara952@hotmail.com', 'NxhLIOSYHpH9Lcu', 1, 'Amara', 21),
('Amit1056@gmail.com', 'datR9hjwXrzELhH', 1, 'Amit', 22),
('Fatima1653@hotmail.com', 'aLj4DRzKFwzP0iN', 1, 'Fatima', 23),
('Sandeep865@gmail.com', 'LaggMViOZ1OtOSB', 1, 'Sandeep', 24),
('Anika1208@yahoo.com', 'NfR76Drwp0eV3rl', 1, 'Anika', 25),
('Vijaykanth205@gmail.com', 'V4haCe9xnvX6Iq1', 1, 'Vijaykanth', 26),
('Anita688@yahoo.com', '809aG9HTh7oj8pO', 1, 'Anita', 27),
('Rahul1211@hotmail.com', 'LEarlLoSsUbDxZY', 1, 'Rahul', 28),
('Trisha762@gmail.com', '5GvQEGeR41TdnS2', 1, 'Trisha', 29),
('Ira1780@yahoo.com', 'snLoL5Su1dczPRn', 1, 'Ira', 30),
('Arya1661@yahoo.com', 'GKu0qEhrEQOzJKv', 1, 'Arya', 31),
('Ibrahim1839@hotmail.com', 'lZFqwwZovJkEgfp', 1, 'Ibrahim', 32),
('Anjali216@gmail.com', 'mKxSNYN0sXLaJdZ', 1, 'Anjali', 33),
('Ashwin1347@gmail.com', 'jSvi6JEx1SIulBe', 1, 'Ashwin', 34),
('Jasmin1212@hotmail.com', 'MZcjHCxtvLjlVMx', 1, 'Jasmin', 35),
('Krish643@yahoo.com', 'vwgBzDFxzQunj6K', 1, 'Krish', 36),
('Priya1820@gmail.com', '1EKuNazzaqSdHy5', 1, 'Priya', 37),
('Kiran894@hotmail.com', 'NddKZr7qU3Eoq4O', 1, 'Kiran', 38),
('Ida148@hotmail.com', 'kuAI8v37gh7kvag', 1, 'Ida', 39),
('Arjun1809@yahoo.com', 'X7lkkZIY1JY3PC0', 1, 'Arjun', 40),
('Asha1292@yahoo.com', 'msWeO5unGY1lLpQ', 1, 'Asha', 41),
('Rajesh1888@hotmail.com', 'ko7uSGHWi4nXHMC', 1, 'Rajesh', 42),
('Rhoa1536@yahoo.com', 'kKy1S5PTTxnlcV6', 1, 'Rhoa', 43),
('Dev457@yahoo.com', 'bMhNJd8zAaKP29F', 1, 'Dev', 44),
('Mira972@gmail.com', 'Qo5KNdCekYUqn9X', 1, 'Mira', 45),
('Deepak1022@hotmail.com', '7ZibGjlApaSJ9sW', 1, 'Deepak', 46),
('Shyla1273@hotmail.com', 'QEGrTBjl8qFwcMe', 1, 'Shyla', 47),
('Arun181@hotmail.com', 'EzPuikeKgHVizR4', 1, 'Arun', 48),
('Mara1114@hotmail.com', 'cPKpfpgKoNPTPCs', 1, 'Mara', 49),
('Ana923@hotmail.com', 'CspTJdHcqmVdMHv', 1, 'Ana', 50),
('Moorthy1840@yahoo.com', 'OzJ85ejioyOKZLC', 1, 'Moorthy', 51),
('Swetha1979@gmail.com', 'pRkN73IZW6RdEKt', 1, 'Swetha', 52),
('Ganesh688@yahoo.com', 'v3nxXT7UgJAn0Xq', 1, 'Ganesh', 53),
('Sangeetha466@gmail.com', 'lbwkvsgpjUSYmCT', 1, 'Sangeetha', 54),
('Suresh554@yahoo.com', 'zegr6Sos82mFeUv', 1, 'Suresh', 55),
('Laxmi1283@yahoo.com', 'hwBr06zfSiKyoK5', 1, 'Laxmi', 56),
('Ramesh50@hotmail.com', 'CuzwObvC9q9fUGS', 1, 'Ramesh', 57),
('RiyaVenkat1075@gmail.com', 'b4M1o5vli76G8SE', 1, 'RiyaVenkat', 58),
('Keerthika990@gmail.com', 'ifXclm8txmFHohz', 1, 'Keerthika', 59),
('Siddharth544@yahoo.com', 'CbJONMpp1BmfJXP', 1, 'Siddharth', 60),
('Prerna960@yahoo.com', 'DftEpjUU6U34zAc', 1, 'Prerna', 61),
('Karthik364@gmail.com', '4ffGEuHUiPabmLO', 1, 'Karthik', 62),
('Abirami424@gmail.com', 'oINSMzExyVVW15R', 1, 'Abirami', 63),
('Akash409@hotmail.com', 'zfdrl5dLa7fLBRo', 1, 'Akash', 64),
('Deepika1550@yahoo.com', 'tcrWJ0S5Q3rtozd', 1, 'Deepika', 65),
('Naresh833@hotmail.com', 'Xxd9cLgPGbNJo6Q', 1, 'Naresh', 66),
('Boomika209@hotmail.com', 'hVQVSj4wg94iQcl', 1, 'Boomika', 67),
('Bharat530@gmail.com', 'I6C1BeAzAyTPtC1', 1, 'Bharat', 68),
('Yashika660@yahoo.com', 'PttIvIP8P7WxUo1', 1, 'Yashika', 69),
('Raaj352@gmail.com', 'UcrbLQ2jU60vX6A', 1, 'Raaj', 70),
('Kavya542@gmail.com', 'e2SJvO4yVhr97lv', 1, 'Kavya', 71),
('Korangu1259@hotmail.com', 'saycdUe3GfVNFuf', 1, 'Korangu', 72),
('Netra1284@yahoo.com', 'vExf6Fsp5nNAS43', 1, 'Netra', 73),
('Rajni324@hotmail.com', 'XJ166fdPeo7S2Q2', 1, 'Rajni', 74),
('Netanya773@hotmail.com', 'xdvjcANTaYLiW2y', 1, 'Netanya', 75),
('Kamal887@hotmail.com', 'GEohh3hyiusU3Zw', 1, 'Kamal', 76),
('Nityashree1842@hotmail.com', 'xw966QehumZrPnE', 1, 'Nityashree', 77),
('Prabhu1976@gmail.com', 'txZ90pwt82NxSZl', 1, 'Prabhu', 78),
('Mary366@gmail.com', '2IgGjDWzLBfVHvY', 1, 'Mary', 79),
('Harish1767@gmail.com', 'Z5akwHSGjMC1WxQ', 1, 'Harish', 80),
('Shakthi1961@gmail.com', 'VXbucTUIIz1NcYz', 1, 'Shakthi', 81),
('Kalyan691@hotmail.com', 'CLpO4ZjUWVcIdah', 1, 'Kalyan', 82),
('Saphala1076@gmail.com', 'a760RNOLco4xEx2', 1, 'Saphala', 83),
('Ruhan1574@gmail.com', '0dvlxZMS5iZEyxH', 1, 'Ruhan', 84),
('Namrita293@hotmail.com', 'u8Nj4oVEuPXIf1f', 1, 'Namrita', 85),
('Pranav579@gmail.com', 'qlIMr1b0gdItA4U', 1, 'Pranav', 86),
('Shivatmika173@yahoo.com', 'g5o8dPpD1g1PYFe', 1, 'Shivatmika', 87),
('Vijay892@gmail.com', 'fDnheKbdY4p0OfR', 1, 'Vijay', 88),
('Agarwal458@yahoo.com', 'xQb3is48gseeKf8', 1, 'Agarwal', 89),
('Vivek1415@yahoo.com', 'xbvVICiymgbPool', 1, 'Vivek', 90),
('Tanvi1822@gmail.com', '81v8FSmg8NV9tOt', 1, 'Tanvi', 91),
('Mukund2000@yahoo.com', 'TCrTUf7DxBmsNlU', 1, 'Mukund', 92),
('Palak1833@gmail.com', 'lT4JAOzuwuzU57b', 1, 'Palak', 93),
('Balaji1301@hotmail.com', 'esKEc37eCXsuGWZ', 1, 'Balaji', 94),
('Suchitra1994@hotmail.com', 'R6Bbt320gdr8Q8h', 1, 'Suchitra', 95),
('Subramanian884@gmail.com', '45WxPNapXyZCy9G', 1, 'Subramanian', 96),
('Tanushree1481@hotmail.com', 'IvFyP2jwqQhTYh8', 1, 'Tanushree', 97),
('Karthikeyan1831@hotmail.com', 'YzQ32iEiEzSS30n', 1, 'Karthikeyan', 98),
('Hemantha1613@gmail.com', '6xpDUbK89SxL0FP', 1, 'Hemantha', 99),
('Joshua1466@yahoo.com', 'gEopV7oYhuMqqVI', 1, 'Joshua', 100),
('Roshni483@hotmail.com', 'S9sFDn48Q1SgpSb', 1, 'Roshni', 101),
('Diwik24@gmail.com', 'xvvtKjBEuCRgYAb', 1, 'Diwik', 102),
('Kalank1145@hotmail.com', 'mXYgWk1BvJpWX2s', 1, 'Kalank', 103),
('Mehra1727@hotmail.com', '2gkgeClEPwbFGlq', 1, 'Mehra', 104),
('Kajol491@yahoo.com', 'tBlousD0dlmAJ1T', 1, 'Kajol', 105),
('Dhruv147@gmail.com', '5VhecSuHxJMu8M6', 1, 'Dhruv', 106),
('Hapima225@hotmail.com', 'M1UyxWzq7Z8Phsr', 1, 'Hapima', 107),
('Mehta515@hotmail.com', 'JwUxl7RMz1R02y2', 1, 'Mehta', 108),
('Ruthuja1560@gmail.com', 'Ons3MXcy0ZeJkgp', 1, 'Ruthuja', 109),
('Gitansh647@hotmail.com', 'YveWnu263M3U19V', 1, 'Gitansh', 110),
('Adithi818@hotmail.com', '4ELuvm3NFGbtMDo', 1, 'Adithi', 111),
('Kothari309@hotmail.com', 'sBcQS9Zktpy8H5w', 1, 'Kothari', 112),
('Shraddha432@gmail.com', '5hR3PhdwM0rPTUh', 1, 'Shraddha', 113),
('Kalyanam1878@yahoo.com', 'vWhdTr2zhHr394k', 1, 'Kalyanam', 114),
('Kapoor161@yahoo.com', '2xHXoXo5uoPP1me', 1, 'Kapoor', 115),
('Sundarama1159@yahoo.com', 'iu3KCixmCEzB0a7', 1, 'Sundarama', 116),
('Shivani214@yahoo.com', 'Dqeg7Az5Oo4cipg', 1, 'Shivani', 117),
('Srivatsan241@yahoo.com', 'NXADZR1DLC1ohmV', 1, 'Srivatsan', 118),
('Varsha1588@gmail.com', '89G3PvssTi52Kq9', 1, 'Varsha', 119),
('Koushik831@hotmail.com', 'oddbAtja2BAIZcS', 1, 'Koushik', 120),
('Aroha234@gmail.com', 'BSsBzoNkrklObsY', 1, 'Aroha', 121),
('Balaganesh761@gmail.com', 'vgplpR23O5nPug6', 1, 'Balaganesh', 122),
('Nikitha128@gmail.com', 'ARJYwjMSA0wpE7a', 1, 'Nikitha', 123),
('Nibith1327@yahoo.com', 'HZP924fXGMWwghI', 1, 'Nibith', 124),
('Samantha1096@yahoo.com', 'Dtvz3YgNMt9fOR7', 1, 'Samantha', 125),
('Chandrasekar870@gmail.com', 'uucPr8OHr3nCxz6', 1, 'Chandrasekar', 126),
('Madhumita1236@hotmail.com', 'R07iz4bXoIYxVzm', 1, 'Madhumita', 127),
('Risheek1758@hotmail.com', 'RM6G8hiKYXrSOkT', 1, 'Risheek', 128),
('Ritvika1054@yahoo.com', '5tpp0Xo4jRejGgy', 1, 'Ritvika', 129),
('Banerjee1968@yahoo.com', 'mQYj6Tkku7lAjH1', 1, 'Banerjee', 130),
('Megana649@gmail.com', 'gocACwcxjzXidGY', 1, 'Megana', 131),
('Monesh1223@hotmail.com', '3kuMTfdjEufulNU', 1, 'Monesh', 132),
('Mandira1791@hotmail.com', 'AIWgeL041PBebyh', 1, 'Mandira', 133),
('Prasad354@gmail.com', 'AUSLuSPB1XMXDXx', 1, 'Prasad', 134),
('Mantra685@yahoo.com', 'JAcFS29DSTyIFai', 1, 'Mantra', 135),
('Roshan527@gmail.com', 'gDPdPQW5ycvHIlL', 1, 'Roshan', 136),
('Nayanthara547@gmail.com', 'wni6PUtZAhXY5KQ', 1, 'Nayanthara', 137),
('Ravana1896@yahoo.com', 'xP1Y7cVuFYHajLO', 1, 'Ravana', 138),
('Hemalatha1732@gmail.com', 'WUeIUEMdx1wjHMa', 1, 'Hemalatha', 139),
('Vaidya1246@hotmail.com', 'Etvev8HYhNZyxBa', 1, 'Vaidya', 140),
('Jyothi114@yahoo.com', 'ijlUQIOHZXmGVQC', 1, 'Jyothi', 141),
('Akshay1263@yahoo.com', '1wIaf2k4nwY0FBU', 1, 'Akshay', 142),
('Divya1066@hotmail.com', 'mjMNx1tHJZLvaYI', 1, 'Divya', 143),
('Ranbir431@yahoo.com', '8tXcF4uRuH1LSFn', 1, 'Ranbir', 144),
('Anushka1863@yahoo.com', 'onZaORSqDqUxZ2o', 1, 'Anushka', 145),
('Prakash191@gmail.com', '8XS0nkGDYQvE2r5', 1, 'Prakash', 146),
('Nitya778@yahoo.com', 'LCjFf2lOwplUdFs', 1, 'Nitya', 147),
('Mamooty1603@hotmail.com', '5QrmMdGe8sBnLm8', 1, 'Mamooty', 148),
('Sonam1201@yahoo.com', '4G5Ki60QRu2EMor', 1, 'Sonam', 149),
('Ajith96@gmail.com', '2VM7wA2g5WP4Jdr', 1, 'Ajith', 150),
('Meghana1497@yahoo.com', 'j2STT50poaMQcRz', 1, 'Meghana', 151),
('Vishal1487@yahoo.com', 'LPMcizQ145N4rGd', 1, 'Vishal', 152),
('Gowthami59@yahoo.com', 'y4ZcLU3Iv59dEaR', 1, 'Gowthami', 153),
('Narayan569@yahoo.com', 'kNC08stQHvZJuG4', 1, 'Narayan', 154),
('Swathi1148@gmail.com', 'uIMxcOlW9Kv67Jm', 1, 'Swathi', 155),
('Bruno1717@hotmail.com', 's4ITRNPL9r8fupp', 1, 'Bruno', 156),
('Neha1551@yahoo.com', 'p9qdXDyhMvfRg0x', 1, 'Neha', 157),
('Joseph1015@hotmail.com', 'rHYM7r2giKYCmQu', 1, 'Joseph', 158),
('Sanjana1011@gmail.com', 'iQDMPiTrwPgNzNc', 1, 'Sanjana', 159),
('Jonathan1647@yahoo.com', '8Y43SwhImRhnFMI', 1, 'Jonathan', 160),
('Nisha683@gmail.com', 'iSu3pskRyH0pLnI', 1, 'Nisha', 161),
('Joestar29@yahoo.com', 'mRLI6hnm4XRKPYh', 1, 'Joestar', 162),
('Disha582@gmail.com', '0w1QrNwIwaAFuZW', 1, 'Disha', 163),
('Koyomi1051@hotmail.com', 'qKPVcWOBjxAqWH5', 1, 'Koyomi', 164),
('Shinobu680@yahoo.com', 'q8s8SGiXz5OpCQ3', 1, 'Shinobu', 165),
('Aparajit369@yahoo.com', 'TWZSEzIl879gO89', 1, 'Aparajit', 166),
('Faiza2003@gmail.com', '453Ku3JDonifr2U', 1, 'Faiza', 167),
('Adarsh1019@hotmail.com', 'Z8zHLpW0rSK5cEf', 1, 'Adarsh', 168),
('Priyanka1473@gmail.com', 'lRoAcoIZSbUFh0A', 1, 'Priyanka', 169),
('Gondi1499@hotmail.com', 'ateT1U757G5kmNz', 1, 'Gondi', 170),
('Kangana708@hotmail.com', 'm1j0o2qUAnGBsW5', 1, 'Kangana', 171),
('Charan785@gmail.com', 'pg6NhDeyCrYdt6M', 1, 'Charan', 172),
('Nirmala1601@hotmail.com', 'QJojGiwQ2lJDbff', 1, 'Nirmala', 173),
('Nikhil731@gmail.com', 'kenvQWGtAL1OFjf', 1, 'Nikhil', 174),
('Savita216@yahoo.com', 'Fv5Yr4zi8rLfHkR', 1, 'Savita', 175),
('Mani100@gmail.com', 'dAn8rulg9XzcqOD', 1, 'Mani', 176),
('Raji1171@yahoo.com', '0i87zKsqbH0OYCT', 1, 'Raji', 177),
('Gandhi344@hotmail.com', 'N8KEZzPTVy9S9MG', 1, 'Gandhi', 178),
('Padmini462@yahoo.com', 'JTnSy6rahqw2V6q', 1, 'Padmini', 179),
('Vikram874@hotmail.com', 'zsrbJQSOsm16L5y', 1, 'Vikram', 180),
('Smriti1437@gmail.com', 'nkJkxLEaHv4T3kB', 1, 'Smriti', 181),
('Yash28@gmail.com', 'fIAqIuhNVjYqkPS', 1, 'Yash', 182),
('Bhavya500@yahoo.com', 'oNj47LmXoTiusc7', 1, 'Bhavya', 183),
('Doshi231@yahoo.com', 'pNDcdAgD51GQ5bF', 1, 'Doshi', 184),
('Malini175@yahoo.com', 'oKPk8ruYhGsTVJp', 1, 'Malini', 185),
('Sundar1052@gmail.com', 'IUHVUoWOBLCxjOG', 1, 'Sundar', 186),
('Malvika851@gmail.com', 'e3qo14dqUQrT0yg', 1, 'Malvika', 187),
('Sethupathi1532@gmail.com', 'ly2LQZ23LSb6z3t', 1, 'Sethupathi', 188),
('Akshara1801@yahoo.com', 'WqQyZjnkki6OLkW', 1, 'Akshara', 189),
('Prabhas219@hotmail.com', 'ibjLiLlVk4RWZtd', 1, 'Prabhas', 190),
('Anamika1749@hotmail.com', '9ic8nVy1WySv4JB', 1, 'Anamika', 191),
('Krishna1554@yahoo.com', 'SlrqHsIWbC3thMW', 1, 'Krishna', 192),
('Nishi847@hotmail.com', 'vz1bLvKlb9eH4dP', 1, 'Nishi', 193),
('Dhanush839@yahoo.com', 'G4uhbYek3oHCnCG', 1, 'Dhanush', 194),
('Jyotsna1098@gmail.com', 'b83VlmDCKRj3s6y', 1, 'Jyotsna', 195),
('Laxman1108@gmail.com', 'H3N1oe2OECC98u5', 1, 'Laxman', 196),
('Upasna813@yahoo.com', 'dgJiOJnrr9bEnEK', 1, 'Upasna', 197),
('Aniketh57@yahoo.com', 'ZqigQmLsvlw7Zvd', 1, 'Aniketh', 198),
('Patani1877@yahoo.com', '78RbJaTGp95BAk4', 1, 'Patani', 199),
('Rema921@yahoo.com', '8gcrlF79lJxW5Mn', 1, 'Rema', 200),
('admin@ceg.in', 'boiXfjnZo3SuCEo', 2, 'College of Engineering', 201),
('admin@psgtech.in', 'XbmAM3v7MqjpnSz', 2, 'PSG College of Technology', 202),
('admin@madrastech.in', '7jNXKO19e0GfsZT', 2, 'Madras Institute of Technology', 203),
('admin@ssnengg.in', 'tAwx3lerfd8Cyyx', 2, 'SSN College of Engineering', 204),
('admin@agtech.in', 'C3QShaOaMfvJxd0', 2, 'Alagappa College of Technology', 205),
('admin@sudarshanengg.in', '8Yuu0layV8Tfevr', 2, 'Sudarshan Engineering College', 206),
('admin@mahendratech.in', '86R0LthT5qS3upd', 2, 'Mahendra Institute of Technology', 207),
('admin@adhiengg.in', 'TG3KvkUfUlocrfI', 2, 'Adhiparashakti College of Engineering', 208),
('admin@counselling.in', 'AkaBaAshNarSai', 0, 'Central Authority', 209),
('balabr2002@gmail.com', 'bala0102', 1, 'Bala Bharat Raaj', 210);

-- --------------------------------------------------------

--
-- Table structure for table `application`
--

CREATE TABLE `application` (
  `name` varchar(255) DEFAULT NULL,
  `year` int(11) DEFAULT NULL,
  `gender` varchar(255) DEFAULT NULL,
  `maths` int(11) DEFAULT NULL,
  `phy` int(11) DEFAULT NULL,
  `chem` int(11) DEFAULT NULL,
  `cut_off` float DEFAULT NULL,
  `choice1` int(11) DEFAULT NULL,
  `choice2` int(11) DEFAULT NULL,
  `choice3` int(11) DEFAULT NULL,
  `sno` int(11) NOT NULL
) ENGINE=InnoDB DEFAULT CHARSET=utf8;

--
-- Dumping data for table `application`
--

INSERT INTO `application` (`name`, `year`, `gender`, `maths`, `phy`, `chem`, `cut_off`, `choice1`, `choice2`, `choice3`, `sno`) VALUES
('Jai', 2021, 'M', 100, 100, 98, 99.5, 1, 2, 4, 1),
('Shivani', 2020, 'F', 100, 96, 100, 99, 1, 3, 5, 2),
('Moorthy', 2020, 'F', 99, 98, 99, 98.75, 1, 3, 4, 3),
('Shraddha', 2021, 'F', 99, 99, 98, 98.75, 1, 2, 3, 4),
('Srivatsan', 2021, 'M', 100, 98, 96, 98.5, 2, 3, 4, 5),
('Monesh', 2020, 'M', 99, 98, 98, 98.5, 1, 2, 3, 6),
('Tanushree', 2020, 'F', 98, 98, 99, 98.25, 1, 3, 4, 7),
('Nikhil', 2020, 'M', 100, 99, 94, 98.25, 1, 2, 3, 8),
('Maya', 2020, 'F', 100, 98, 94, 98, 1, 2, 4, 9),
('Dev', 2021, 'M', 97, 99, 99, 98, 1, 3, 5, 10),
('Nityashree', 2021, 'F', 100, 98, 94, 98, 1, 3, 5, 11),
('Aparajit', 2020, 'M', 99, 100, 94, 98, 2, 3, 4, 12),
('Joshua', 2020, 'M', 99, 97, 96, 97.75, 1, 3, 5, 13),
('Nisha', 2021, 'F', 100, 94, 97, 97.75, 1, 2, 4, 14),
('Alisha', 2021, 'F', 100, 97, 93, 97.5, 2, 3, 4, 15),
('Aniketh', 2020, 'M', 99, 92, 100, 97.5, 2, 3, 4, 16),
('Sundarama', 2020, 'M', 100, 94, 95, 97.25, 1, 3, 4, 17),
('Harish', 2021, 'M', 99, 97, 93, 97, 1, 3, 4, 18),
('Prerna', 2020, 'F', 99, 91, 98, 96.75, 2, 4, 6, 19),
('Keerthika', 2021, 'F', 95, 99, 97, 96.5, 2, 4, 6, 20),
('Suchitra', 2020, 'F', 98, 93, 97, 96.5, 2, 4, 6, 21),
('Nishi', 2021, 'F', 98, 92, 98, 96.5, 1, 3, 5, 22),
('Dhruv', 2020, 'M', 97, 95, 96, 96.25, 1, 3, 5, 23),
('Gitansh', 2020, 'M', 98, 97, 92, 96.25, 1, 2, 3, 24),
('Patani', 2020, 'F', 97, 99, 92, 96.25, 2, 3, 5, 25),
('Trisha', 2021, 'F', 97, 97, 92, 95.75, 1, 3, 5, 26),
('Shakthi', 2020, 'F', 98, 93, 94, 95.75, 2, 3, 4, 27),
('Divya', 2020, 'F', 99, 88, 97, 95.75, 2, 3, 5, 28),
('Koyomi', 2020, 'M', 98, 90, 97, 95.75, 2, 4, 6, 29),
('Arya', 2021, 'F', 98, 92, 94, 95.5, 1, 2, 3, 30),
('Balaji', 2020, 'M', 95, 96, 96, 95.5, 1, 3, 5, 31),
('Joseph', 2020, 'M', 100, 96, 86, 95.5, 2, 4, 5, 32),
('Smriti', 2020, 'F', 98, 87, 99, 95.5, 1, 3, 5, 33),
('Amanda', 2021, 'F', 93, 97, 98, 95.25, 2, 3, 5, 34),
('Ravi', 2020, 'M', 92, 99, 98, 95.25, 1, 2, 4, 35),
('Lila', 2021, 'F', 99, 95, 88, 95.25, 2, 3, 4, 36),
('Ida', 2021, 'F', 99, 88, 95, 95.25, 1, 2, 4, 37),
('Rajesh', 2021, 'M', 97, 90, 97, 95.25, 2, 3, 5, 38),
('Padmini', 2021, 'F', 96, 98, 91, 95.25, 1, 3, 4, 39),
('Sethupathi', 2020, 'M', 98, 93, 92, 95.25, 2, 4, 6, 40),
('Akshara', 2021, 'F', 98, 98, 87, 95.25, 1, 2, 4, 41),
('Arun', 2021, 'M', 99, 96, 86, 95, 2, 4, 5, 42),
('Ramesh', 2020, 'F', 93, 94, 100, 95, 1, 2, 4, 43),
('Yashika', 2020, 'F', 92, 97, 99, 95, 2, 4, 5, 44),
('Mary', 2020, 'F', 96, 94, 94, 95, 2, 4, 5, 45),
('Ruhan', 2021, 'M', 98, 89, 95, 95, 2, 4, 5, 46),
('Upasna', 2021, 'F', 97, 90, 96, 95, 2, 3, 5, 47),
('Sandeep', 2020, 'M', 93, 98, 95, 94.75, 2, 3, 4, 48),
('Shivatmika', 2021, 'F', 100, 92, 87, 94.75, 2, 3, 4, 49),
('Sonam', 2021, 'F', 96, 98, 89, 94.75, 2, 3, 4, 50),
('Bhavya', 2020, 'F', 100, 86, 93, 94.75, 2, 3, 5, 51),
('Anna', 2021, 'F', 94, 98, 92, 94.5, 3, 4, 6, 52),
('Vijaykanth', 2020, 'M', 98, 91, 91, 94.5, 3, 5, 7, 53),
('Jasmin', 2021, 'F', 93, 100, 92, 94.5, 2, 4, 6, 54),
('Bharat', 2021, 'M', 93, 92, 100, 94.5, 2, 3, 5, 55),
('Kajol', 2021, 'F', 97, 89, 95, 94.5, 2, 3, 4, 56),
('Roshan', 2020, 'M', 94, 99, 91, 94.5, 2, 4, 5, 57),
('Neha', 2021, 'F', 96, 88, 98, 94.5, 3, 5, 6, 58),
('Kangana', 2021, 'F', 99, 87, 93, 94.5, 2, 3, 5, 59),
('Raji', 2020, 'F', 100, 91, 87, 94.5, 3, 4, 6, 60),
('Swetha', 2021, 'M', 94, 99, 90, 94.25, 2, 3, 5, 61),
('Rajni', 2020, 'M', 91, 95, 100, 94.25, 2, 4, 6, 62),
('Pranav', 2021, 'M', 97, 98, 85, 94.25, 2, 4, 6, 63),
('Gowthami', 2021, 'F', 93, 98, 93, 94.25, 2, 4, 6, 64),
('Adarsh', 2021, 'M', 94, 95, 94, 94.25, 2, 3, 5, 65),
('Avantika', 2021, 'F', 92, 98, 94, 94, 2, 3, 4, 66),
('Mara', 2021, 'F', 98, 86, 94, 94, 2, 4, 6, 67),
('Sangeetha', 2020, 'M', 99, 84, 94, 94, 2, 4, 5, 68),
('Vijay', 2021, 'M', 94, 95, 93, 94, 2, 3, 5, 69),
('Balaganesh', 2021, 'M', 96, 87, 97, 94, 3, 4, 5, 70),
('Nayanthara', 2020, 'F', 97, 88, 94, 94, 2, 3, 4, 71),
('Mamooty', 2020, 'M', 96, 92, 92, 94, 3, 4, 5, 72),
('Joestar', 2020, 'M', 94, 92, 96, 94, 2, 4, 5, 73),
('Malvika', 2021, 'F', 95, 93, 93, 94, 2, 3, 5, 74),
('Tamara', 2020, 'F', 91, 94, 99, 93.75, 2, 3, 5, 75),
('Arman', 2021, 'M', 98, 89, 90, 93.75, 3, 4, 5, 76),
('Rahul', 2020, 'M', 94, 96, 91, 93.75, 2, 3, 4, 77),
('Kamal', 2021, 'M', 94, 92, 95, 93.75, 2, 3, 5, 78),
('Karthikeyan', 2021, 'M', 99, 91, 86, 93.75, 3, 4, 5, 79),
('Hemantha', 2020, 'F', 96, 87, 96, 93.75, 3, 4, 6, 80),
('Roshni', 2020, 'F', 97, 86, 95, 93.75, 2, 3, 4, 81),
('Bruno', 2020, 'M', 95, 91, 94, 93.75, 3, 4, 6, 82),
('Krish', 2020, 'M', 97, 85, 95, 93.5, 2, 4, 6, 83),
('Abirami', 2020, 'F', 98, 88, 90, 93.5, 4, 5, 6, 84),
('Saphala', 2021, 'F', 95, 92, 92, 93.5, 2, 4, 6, 85),
('Samantha', 2020, 'F', 92, 95, 95, 93.5, 3, 4, 5, 86),
('Akshay', 2021, 'M', 91, 92, 100, 93.5, 2, 3, 4, 87),
('Mani', 2020, 'M', 93, 93, 95, 93.5, 4, 6, 7, 88),
('Ajay', 2021, 'M', 100, 87, 86, 93.25, 4, 6, 8, 89),
('Priya', 2020, 'F', 95, 86, 97, 93.25, 3, 5, 7, 90),
('Kapoor', 2020, 'F', 94, 98, 87, 93.25, 3, 5, 6, 91),
('Prasad', 2021, 'M', 97, 86, 93, 93.25, 5, 6, 8, 92),
('Vishal', 2021, 'M', 94, 97, 88, 93.25, 4, 6, 7, 93),
('Faiza', 2020, 'F', 100, 87, 86, 93.25, 3, 4, 5, 94),
('Priyanka', 2020, 'F', 94, 93, 92, 93.25, 5, 6, 8, 95),
('Ram', 2020, 'M', 88, 100, 96, 93, 4, 6, 8, 96),
('Amara', 2021, 'F', 92, 93, 95, 93, 3, 5, 6, 97),
('Anita', 2021, 'F', 97, 92, 86, 93, 4, 6, 8, 98),
('RiyaVenkat', 2020, 'M', 91, 92, 98, 93, 3, 4, 5, 99),
('Varsha', 2021, 'F', 96, 89, 91, 93, 3, 4, 5, 100),
('Nibith', 2020, 'M', 98, 88, 88, 93, 3, 4, 6, 101),
('Mandira', 2020, 'F', 91, 91, 99, 93, 4, 5, 7, 102),
('Ravana', 2020, 'M', 97, 93, 85, 93, 5, 6, 7, 103),
('Rema', 2021, 'M', 91, 98, 92, 93, 3, 4, 6, 104),
('Rohan', 2020, 'M', 93, 90, 95, 92.75, 4, 5, 7, 105),
('Anjali', 2021, 'F', 95, 85, 96, 92.75, 5, 6, 8, 106),
('Ashwin', 2021, 'M', 93, 98, 87, 92.75, 3, 5, 6, 107),
('Asha', 2020, 'F', 96, 91, 88, 92.75, 3, 4, 6, 108),
('Namrita', 2021, 'F', 99, 87, 86, 92.75, 4, 6, 8, 109),
('Koushik', 2020, 'M', 88, 95, 100, 92.75, 3, 5, 7, 110),
('Disha', 2020, 'F', 89, 96, 97, 92.75, 3, 4, 5, 111),
('Nirmala', 2021, 'F', 89, 97, 96, 92.75, 4, 6, 8, 112),
('Savita', 2021, 'F', 96, 87, 92, 92.75, 3, 5, 7, 113),
('Kiran', 2021, 'M', 95, 89, 91, 92.5, 5, 6, 8, 114),
('Netanya', 2021, 'F', 90, 100, 90, 92.5, 3, 4, 6, 115),
('Kalyanam', 2020, 'M', 93, 90, 94, 92.5, 3, 4, 6, 116),
('Jonathan', 2020, 'M', 94, 90, 92, 92.5, 4, 5, 7, 117),
('Gondi', 2020, 'M', 87, 98, 98, 92.5, 5, 6, 7, 118),
('Malini', 2021, 'F', 93, 98, 86, 92.5, 5, 6, 8, 119),
('Abdullah', 2020, 'M', 87, 98, 97, 92.25, 4, 5, 7, 120),
('Prabhu', 2021, 'M', 89, 97, 94, 92.25, 4, 6, 8, 121),
('Mukund', 2020, 'M', 87, 96, 99, 92.25, 5, 6, 7, 122),
('Ajith', 2021, 'M', 94, 92, 89, 92.25, 4, 6, 7, 123),
('Narayan', 2020, 'M', 94, 86, 95, 92.25, 4, 6, 8, 124),
('Krishna', 2020, 'M', 88, 100, 93, 92.25, 5, 6, 8, 125),
('Sanjay', 2021, 'M', 96, 84, 92, 92, 4, 6, 8, 126),
('Anya', 2020, 'F', 93, 86, 96, 92, 5, 6, 7, 127),
('Aroha', 2020, 'F', 96, 86, 90, 92, 5, 6, 7, 128),
('Banerjee', 2020, 'M', 91, 88, 98, 92, 5, 6, 8, 129),
('Vikram', 2020, 'M', 94, 85, 95, 92, 4, 6, 7, 130),
('Ibrahim', 2020, 'M', 93, 95, 86, 91.75, 5, 6, 8, 131),
('Suresh', 2021, 'F', 94, 91, 88, 91.75, 5, 6, 8, 132),
('Siddharth', 2020, 'M', 92, 92, 91, 91.75, 4, 5, 7, 133),
('Palak', 2021, 'F', 87, 94, 99, 91.75, 4, 5, 6, 134),
('Subramanian', 2021, 'M', 89, 95, 94, 91.75, 5, 6, 8, 135),
('Nitya', 2020, 'F', 93, 85, 96, 91.75, 4, 6, 7, 136),
('Charan', 2020, 'M', 91, 85, 100, 91.75, 5, 6, 7, 137),
('Shyla', 2021, 'F', 93, 85, 95, 91.5, 4, 5, 7, 138),
('Deepika', 2020, 'F', 94, 89, 89, 91.5, 5, 6, 7, 139),
('Boomika', 2020, 'F', 94, 86, 92, 91.5, 4, 5, 6, 140),
('Nikitha', 2021, 'F', 91, 89, 95, 91.5, 5, 6, 7, 141),
('Chandrasekar', 2020, 'M', 91, 86, 98, 91.5, 6, 7, 8, 142),
('Swathi', 2020, 'F', 91, 84, 100, 91.5, 4, 6, 8, 143),
('Doshi', 2020, 'M', 94, 91, 87, 91.5, 5, 6, 7, 144),
('Jay', 2021, 'M', 90, 94, 91, 91.25, 4, 6, 7, 145),
('Abdul', 2020, 'M', 92, 96, 85, 91.25, 5, 6, 7, 146),
('Raaj', 2020, 'M', 95, 86, 89, 91.25, 5, 6, 8, 147),
('Kavya', 2021, 'F', 91, 98, 85, 91.25, 6, 7, 8, 148),
('Netra', 2020, 'F', 96, 87, 86, 91.25, 5, 6, 8, 149),
('Jyothi', 2020, 'F', 90, 98, 87, 91.25, 5, 6, 7, 150),
('Anushka', 2021, 'F', 88, 93, 96, 91.25, 5, 6, 7, 151),
('Sundar', 2021, 'M', 92, 86, 95, 91.25, 5, 6, 8, 152),
('Aisha', 2020, 'F', 90, 92, 92, 91, 5, 6, 8, 153),
('Deepak', 2020, 'M', 95, 84, 90, 91, 5, 6, 8, 154),
('Laxmi', 2021, 'M', 94, 90, 86, 91, 5, 6, 8, 155),
('Mehra', 2020, 'M', 89, 89, 97, 91, 5, 6, 8, 156),
('Ruthuja', 2020, 'F', 90, 95, 89, 91, 5, 6, 7, 157),
('Anamika', 2021, 'F', 90, 94, 90, 91, 5, 6, 8, 158),
('Jyotsna', 2021, 'F', 96, 85, 87, 91, 5, 6, 7, 159),
('Tara', 2020, 'F', 95, 86, 87, 90.75, 5, 6, 7, 160),
('Akash', 2021, 'M', 94, 87, 88, 90.75, 5, 6, 8, 161),
('Naresh', 2020, 'M', 88, 100, 87, 90.75, 5, 6, 7, 162),
('Vaidya', 2020, 'M', 92, 91, 88, 90.75, 5, 6, 8, 163),
('Yash', 2020, 'M', 95, 87, 86, 90.75, 5, 6, 8, 164),
('Ana', 2020, 'M', 93, 86, 90, 90.5, 5, 6, 7, 165),
('Hapima', 2020, 'F', 94, 88, 86, 90.5, 6, 7, 8, 166),
('Anika', 2021, 'F', 89, 95, 88, 90.25, 5, 6, 8, 167),
('Mira', 2021, 'F', 92, 91, 86, 90.25, 5, 6, 7, 168),
('Karthik', 2020, 'M', 88, 85, 100, 90.25, 5, 6, 8, 169),
('Tanvi', 2021, 'F', 91, 90, 89, 90.25, 6, 7, 8, 170),
('Kothari', 2021, 'M', 88, 100, 85, 90.25, 5, 6, 8, 171),
('Risheek', 2020, 'M', 93, 88, 87, 90.25, 5, 6, 7, 172),
('Prakash', 2021, 'M', 92, 91, 86, 90.25, 5, 6, 7, 173),
('Gandhi', 2021, 'M', 88, 90, 95, 90.25, 5, 6, 7, 174),
('Megana', 2020, 'F', 90, 93, 87, 90, 5, 6, 7, 175),
('Mantra', 2020, 'F', 89, 87, 95, 90, 6, 7, 8, 176),
('Shinobu', 2020, 'F', 87, 95, 91, 90, 6, 7, 8, 177),
('Fatima', 2021, 'F', 90, 93, 86, 89.75, 5, 6, 8, 178),
('Agarwal', 2021, 'F', 91, 87, 90, 89.75, 5, 6, 7, 179),
('Vivek', 2020, 'M', 87, 85, 100, 89.75, 6, 7, 8, 180),
('Ranbir', 2020, 'M', 88, 92, 91, 89.75, 5, 6, 7, 181),
('Prabhas', 2021, 'M', 91, 90, 87, 89.75, 6, 7, 8, 182),
('Laxman', 2021, 'M', 92, 89, 86, 89.75, 5, 6, 8, 183),
('Mehta', 2020, 'M', 90, 85, 92, 89.25, 6, 7, 8, 184),
('Adithi', 2020, 'F', 88, 90, 91, 89.25, 5, 6, 7, 185),
('Ritvika', 2020, 'F', 91, 88, 87, 89.25, 6, 7, 8, 186),
('Hemalatha', 2021, 'F', 88, 93, 88, 89.25, 6, 7, 8, 187),
('Sanjana', 2020, 'F', 90, 84, 93, 89.25, 5, 6, 7, 188),
('Dhanush', 2021, 'M', 89, 84, 95, 89.25, 6, 7, 8, 189),
('Amit', 2020, 'M', 88, 89, 91, 89, 6, 7, 8, 190),
('Arjun', 2020, 'M', 89, 86, 92, 89, 5, 6, 8, 191),
('Rhoa', 2020, 'F', 91, 89, 85, 89, 5, 6, 7, 192),
('Ganesh', 2020, 'F', 91, 88, 86, 89, 6, 7, 8, 193),
('Madhumita', 2021, 'F', 89, 91, 87, 89, 5, 6, 8, 194),
('Meghana', 2021, 'F', 88, 84, 96, 89, 5, 6, 8, 195),
('Korangu', 2020, 'M', 89, 89, 87, 88.5, 6, 7, 8, 196),
('Diwik', 2021, 'M', 88, 89, 87, 88, 5, 6, 8, 197),
('Kalank', 2020, 'F', 89, 86, 88, 88, 5, 6, 7, 198),
('Ira', 2021, 'M', 87, 85, 91, 87.5, 6, 7, 8, 199),
('Kalyan', 2020, 'M', 88, 86, 88, 87.5, 5, 6, 8, 200),
('Bala Bharat Raaj', 2019, 'M', 99, 97, 98, 98.25, 2, 6, 7, 201);

-- --------------------------------------------------------

--
-- Table structure for table `colleges`
--

CREATE TABLE `colleges` (
  `name` varchar(255) DEFAULT NULL,
  `close_rank` int(11) DEFAULT NULL,
  `sno` int(11) NOT NULL
) ENGINE=InnoDB DEFAULT CHARSET=utf8;

--
-- Dumping data for table `colleges`
--

INSERT INTO `colleges` (`name`, `close_rank`, `sno`) VALUES
('College of Engineering', 40, 1),
('PSG College of Technology', 50, 2),
('Madras Institute of Technology', 90, 3),
('SSN College of Engineering', 110, 4),
('Alagappa College of Technology', 130, 5),
('Sudarshan Engineering College', 150, 6),
('Mahendra Institute of Technology', 170, 7),
('Adhiparashakti College of Engineering', 200, 8);

-- --------------------------------------------------------

--
-- Table structure for table `rank`
--

CREATE TABLE `rank` (
  `name` varchar(255) DEFAULT NULL,
  `cut_off` float DEFAULT NULL,
  `college` varchar(255) DEFAULT NULL,
  `sno` int(11) NOT NULL
) ENGINE=InnoDB DEFAULT CHARSET=utf8;

--
-- Dumping data for table `rank`
--

INSERT INTO `rank` (`name`, `cut_off`, `college`, `sno`) VALUES
('Jai', 99.5, '1', 1),
('Shivani', 99, '1', 2),
('Moorthy', 98.75, '1', 3),
('Shraddha', 98.75, '1', 4),
('Monesh', 98.5, '1', 5),
('Srivatsan', 98.5, '2', 6),
('Bala Bharat Raaj', 98.25, '2', 7),
('Nikhil', 98.25, '1', 8),
('Tanushree', 98.25, '1', 9),
('Aparajit', 98, '2', 10),
('Dev', 98, '1', 11),
('Maya', 98, '1', 12),
('Nityashree', 98, '1', 13),
('Joshua', 97.75, '1', 14),
('Nisha', 97.75, '1', 15),
('Alisha', 97.5, '2', 16),
('Aniketh', 97.5, '2', 17),
('Sundarama', 97.25, '1', 18),
('Harish', 97, '1', 19),
('Prerna', 96.75, '2', 20),
('Keerthika', 96.5, '2', 21),
('Nishi', 96.5, '1', 22),
('Suchitra', 96.5, '2', 23),
('Dhruv', 96.25, '1', 24),
('Gitansh', 96.25, '1', 25),
('Patani', 96.25, '2', 26),
('Divya', 95.75, '2', 27),
('Koyomi', 95.75, '2', 28),
('Shakthi', 95.75, '2', 29),
('Trisha', 95.75, '1', 30),
('Arya', 95.5, '1', 31),
('Balaji', 95.5, '1', 32),
('Joseph', 95.5, '2', 33),
('Smriti', 95.5, '1', 34),
('Akshara', 95.25, '1', 35),
('Amanda', 95.25, '2', 36),
('Ida', 95.25, '1', 37),
('Lila', 95.25, '2', 38),
('Padmini', 95.25, '1', 39),
('Rajesh', 95.25, '2', 40),
('Ravi', 95.25, '2', 41),
('Sethupathi', 95.25, '2', 42),
('Arun', 95, '2', 43),
('Mary', 95, '2', 44),
('Ramesh', 95, '2', 45),
('Ruhan', 95, '2', 46),
('Upasna', 95, '2', 47),
('Yashika', 95, '2', 48),
('Bhavya', 94.75, '2', 49),
('Sandeep', 94.75, '2', 50),
('Shivatmika', 94.75, '3', 51),
('Sonam', 94.75, '3', 52),
('Anna', 94.5, '3', 53),
('Bharat', 94.5, '3', 54),
('Jasmin', 94.5, '4', 55),
('Kajol', 94.5, '3', 56),
('Kangana', 94.5, '3', 57),
('Neha', 94.5, '3', 58),
('Raji', 94.5, '3', 59),
('Roshan', 94.5, '4', 60),
('Vijaykanth', 94.5, '3', 61),
('Adarsh', 94.25, '3', 62),
('Gowthami', 94.25, '4', 63),
('Pranav', 94.25, '4', 64),
('Rajni', 94.25, '4', 65),
('Swetha', 94.25, '3', 66),
('Avantika', 94, '3', 67),
('Balaganesh', 94, '3', 68),
('Joestar', 94, '4', 69),
('Malvika', 94, '3', 70),
('Mamooty', 94, '3', 71),
('Mara', 94, '4', 72),
('Nayanthara', 94, '3', 73),
('Sangeetha', 94, '4', 74),
('Vijay', 94, '3', 75),
('Arman', 93.75, '3', 76),
('Bruno', 93.75, '3', 77),
('Hemantha', 93.75, '3', 78),
('Kamal', 93.75, '3', 79),
('Karthikeyan', 93.75, '3', 80),
('Rahul', 93.75, '3', 81),
('Roshni', 93.75, '3', 82),
('Tamara', 93.75, '3', 83),
('Abirami', 93.5, '4', 84),
('Akshay', 93.5, '3', 85),
('Krish', 93.5, '4', 86),
('Mani', 93.5, '4', 87),
('Samantha', 93.5, '3', 88),
('Saphala', 93.5, '4', 89),
('Ajay', 93.25, '4', 90),
('Faiza', 93.25, '4', 91),
('Kapoor', 93.25, '5', 92),
('Prasad', 93.25, '5', 93),
('Priya', 93.25, '5', 94),
('Priyanka', 93.25, '5', 95),
('Vishal', 93.25, '4', 96),
('Amara', 93, '5', 97),
('Anita', 93, '4', 98),
('Mandira', 93, '4', 99),
('Nibith', 93, '4', 100),
('Ram', 93, '4', 101),
('Ravana', 93, '5', 102),
('Rema', 93, '4', 103),
('RiyaVenkat', 93, '4', 104),
('Varsha', 93, '4', 105),
('Anjali', 92.75, '5', 106),
('Asha', 92.75, '4', 107),
('Ashwin', 92.75, '5', 108),
('Disha', 92.75, '4', 109),
('Koushik', 92.75, '5', 110),
('Namrita', 92.75, '6', 111),
('Nirmala', 92.75, '6', 112),
('Rohan', 92.75, '5', 113),
('Savita', 92.75, '5', 114),
('Gondi', 92.5, '5', 115),
('Jonathan', 92.5, '5', 116),
('Kalyanam', 92.5, '6', 117),
('Kiran', 92.5, '5', 118),
('Malini', 92.5, '5', 119),
('Netanya', 92.5, '6', 120),
('Abdullah', 92.25, '5', 121),
('Ajith', 92.25, '6', 122),
('Krishna', 92.25, '5', 123),
('Mukund', 92.25, '5', 124),
('Narayan', 92.25, '6', 125),
('Prabhu', 92.25, '6', 126),
('Anya', 92, '5', 127),
('Aroha', 92, '5', 128),
('Banerjee', 92, '5', 129),
('Sanjay', 92, '6', 130),
('Vikram', 92, '6', 131),
('Charan', 91.75, '6', 132),
('Ibrahim', 91.75, '6', 133),
('Nitya', 91.75, '6', 134),
('Palak', 91.75, '6', 135),
('Siddharth', 91.75, '7', 136),
('Subramanian', 91.75, '6', 137),
('Suresh', 91.75, '6', 138),
('Boomika', 91.5, '6', 139),
('Chandrasekar', 91.5, '6', 140),
('Deepika', 91.5, '6', 141),
('Doshi', 91.5, '6', 142),
('Nikitha', 91.5, '6', 143),
('Shyla', 91.5, '7', 144),
('Swathi', 91.5, '6', 145),
('Abdul', 91.25, '6', 146),
('Anushka', 91.25, '6', 147),
('Jay', 91.25, '6', 148),
('Jyothi', 91.25, '6', 149),
('Kavya', 91.25, '6', 150),
('Netra', 91.25, '8', 151),
('Raaj', 91.25, '8', 152),
('Sundar', 91.25, '8', 153),
('Aisha', 91, '8', 154),
('Anamika', 91, '8', 155),
('Deepak', 91, '8', 156),
('Jyotsna', 91, '7', 157),
('Laxmi', 91, '8', 158),
('Mehra', 91, '8', 159),
('Ruthuja', 91, '7', 160),
('Akash', 90.75, '8', 161),
('Naresh', 90.75, '7', 162),
('Tara', 90.75, '7', 163),
('Vaidya', 90.75, '8', 164),
('Yash', 90.75, '8', 165),
('Ana', 90.5, '7', 166),
('Hapima', 90.5, '7', 167),
('Anika', 90.25, '8', 168),
('Gandhi', 90.25, '7', 169),
('Karthik', 90.25, '8', 170),
('Kothari', 90.25, '8', 171),
('Mira', 90.25, '-1', 172),
('Prakash', 90.25, '-1', 173),
('Risheek', 90.25, '-1', 174),
('Tanvi', 90.25, '8', 175),
('Mantra', 90, '8', 176),
('Megana', 90, '-1', 177),
('Shinobu', 90, '8', 178),
('Agarwal', 89.75, '-1', 179),
('Fatima', 89.75, '8', 180),
('Laxman', 89.75, '8', 181),
('Prabhas', 89.75, '8', 182),
('Ranbir', 89.75, '-1', 183),
('Vivek', 89.75, '8', 184),
('Adithi', 89.25, '-1', 185),
('Dhanush', 89.25, '8', 186),
('Hemalatha', 89.25, '8', 187),
('Mehta', 89.25, '8', 188),
('Ritvika', 89.25, '8', 189),
('Sanjana', 89.25, '-1', 190),
('Amit', 89, '8', 191),
('Arjun', 89, '8', 192),
('Ganesh', 89, '8', 193),
('Madhumita', 89, '8', 194),
('Meghana', 89, '8', 195),
('Rhoa', 89, '-1', 196),
('Korangu', 88.5, '8', 197),
('Diwik', 88, '8', 198),
('Kalank', 88, '-1', 199),
('Ira', 87.5, '8', 200),
('Kalyan', 87.5, '-1', 201);

--
-- Indexes for dumped tables
--

--
-- Indexes for table `account`
--
ALTER TABLE `account`
  ADD PRIMARY KEY (`sno`);

--
-- Indexes for table `application`
--
ALTER TABLE `application`
  ADD PRIMARY KEY (`sno`);

--
-- Indexes for table `colleges`
--
ALTER TABLE `colleges`
  ADD PRIMARY KEY (`sno`);

--
-- Indexes for table `rank`
--
ALTER TABLE `rank`
  ADD PRIMARY KEY (`sno`);

--
-- AUTO_INCREMENT for dumped tables
--

--
-- AUTO_INCREMENT for table `account`
--
ALTER TABLE `account`
  MODIFY `sno` int(11) NOT NULL AUTO_INCREMENT, AUTO_INCREMENT=211;

--
-- AUTO_INCREMENT for table `application`
--
ALTER TABLE `application`
  MODIFY `sno` int(11) NOT NULL AUTO_INCREMENT, AUTO_INCREMENT=202;

--
-- AUTO_INCREMENT for table `colleges`
--
ALTER TABLE `colleges`
  MODIFY `sno` int(11) NOT NULL AUTO_INCREMENT, AUTO_INCREMENT=9;

--
-- AUTO_INCREMENT for table `rank`
--
ALTER TABLE `rank`
  MODIFY `sno` int(11) NOT NULL AUTO_INCREMENT, AUTO_INCREMENT=202;
COMMIT;

/*!40101 SET CHARACTER_SET_CLIENT=@OLD_CHARACTER_SET_CLIENT */;
/*!40101 SET CHARACTER_SET_RESULTS=@OLD_CHARACTER_SET_RESULTS */;
/*!40101 SET COLLATION_CONNECTION=@OLD_COLLATION_CONNECTION */;
